id;title;themes;link
1;secondary Identity heuristic;Soap compressing application;blue Lev Data
2;turn-key Chair Intranet;Fantastic California;Savings
3;optical Mountain;Ouguiya Mouse Ergonomic;Monitored index
4;aggregate Unbranded;Rubber;blockchains turquoise Handmade
5;Data Concrete;middleware Crest;deposit Bedfordshire
6;grow grey multi-byte;Idaho Administrator;Buckinghamshire Wooden
7;Ecuador Borders synergies;Terrace Carolina Trace;gold Movies stable
8;system TCP;metrics;Tasty syndicate
9;relationships;Wooden;Analyst
10;Devolved Island Compatible;framework;Grocery transmitting bluetooth
